{
    "廣隆": {
        "logz1": 15.510221353749952,
        "logz4": 1.654845697717505,
        "z5": 0.4866455382011948,
        "z7": 0.2724402843031523,
        "z22": 5.513407247167671,
        "z11": 0.21420054626508694,
        "z13": 0.16052827130032088,
        "z15": 0.21420054626508694,
        "z17": 2.57
    },
    "光寶科": {
        "logz1": 18.98100590308168,
        "logz4": 1.0588364557148233,
        "z5": 0.09958296237090401,
        "z7": 1.583873423798514,
        "z22": 1.2944631726690503,
        "z11": 0.14480074750192642,
        "z13": 0.05257351015796989,
        "z15": 0.14480074750192642,
        "z17": 0.68
    },
    "台達電": {
        "logz1": 19.53829102909854,
        "logz4": 1.8921461381345865,
        "z5": 2.0000316837836736,
        "z7": 0.7744368877896863,
        "z22": 1.7511540422093899,
        "z11": 0.2648018373966997,
        "z13": 0.0509446931976655,
        "z15": 0.2648018373966997,
        "z17": 0.8
    },
    "華邦電": {
        "logz1": 18.413315859649984,
        "logz4": 0.40920817763844974,
        "z5": 0.5878118548838264,
        "z7": 0.656538462302251,
        "z22": 2.181276270313551,
        "z11": 0.2412722552760615,
        "z13": -0.005290240205150176,
        "z15": 0.2412722552760615,
        "z17": -0.02
    },
    "研華": {
        "logz1": 17.70747276437279,
        "logz4": 1.4076469050743647,
        "z5": 0.39253285202676674,
        "z7": 0.71114556426987,
        "z22": 1.6464049812107862,
        "z11": 0.3899184976405204,
        "z13": 0.14376675195918023,
        "z15": 0.3899184976405204,
        "z17": 1.85
    },
    "燦坤": {
        "logz1": 16.411343306777976,
        "logz4": 1.0476842454841724,
        "z5": 2.421489792681872,
        "z7": 1.825006837201286,
        "z22": 0.8646235748966286,
        "z11": 0.16615887211430344,
        "z13": 0.026607947875127005,
        "z15": 0.16615887211430344,
        "z17": 0.58
    },
    "聯昌": {
        "logz1": 14.573349372939354,
        "logz4": 0.1717545042141817,
        "z5": 0.04482497498354774,
        "z7": 0.6199287542934193,
        "z22": 1.994499253395583,
        "z11": 0.1179370386522589,
        "z13": 0.028169469076577667,
        "z15": 0.1179370386522589,
        "z17": 0.15
    },
    "美律": {
        "logz1": 17.014674412226853,
        "logz4": 1.6008253407274895,
        "z5": 1.9002796815254868,
        "z7": 1.3705381643957577,
        "z22": 1.4571160291030352,
        "z11": 0.1074734824345336,
        "z13": 0.008180945910521894,
        "z15": 0.1074734824345336,
        "z17": 0.23
    },
    "麗臺": {
        "logz1": 14.107357445520819,
        "logz4": -0.6760274126545627,
        "z5": 0.1485183989490047,
        "z7": 3.9122514794744703,
        "z22": 1.0543786255457321,
        "z11": 0.12308906865356657,
        "z13": -0.007640500457294853,
        "z15": 0.12308906865356657,
        "z17": -0.22
    },
    "可成": {
        "logz1": 19.313264156974814,
        "logz4": 2.9827849421808095,
        "z5": 0.19782951802013288,
        "z7": 0.6051874400498574,
        "z22": 2.160538676321121,
        "z11": 0.24356862541633142,
        "z13": 0.3053217989127615,
        "z15": 0.24356862541633142,
        "z17": 5.09
    },
    "大立光": {
        "logz1": 18.909858622959405,
        "logz4": 4.597710798846419,
        "z5": 0.1994905330393126,
        "z7": 0.2249768311694258,
        "z22": 3.95254051790768,
        "z11": 0.6991599465950968,
        "z13": 0.6260143295437889,
        "z15": 0.6991599465950968,
        "z17": 50.1
    },
    "今皓": {
        "logz1": 14.32294062334137,
        "logz4": -0.11204816215322069,
        "z5": 0.10182293699742369,
        "z7": 0.6483069054520592,
        "z22": 1.8745886966791203,
        "z11": 0.052482527278647315,
        "z13": -0.09139198715764446,
        "z15": 0.052482527278647315,
        "z17": -0.19
    },
    "晟銘電": {
        "logz1": 15.351181147909275,
        "logz4": 0.44408898495865673,
        "z5": 0.20074262238529808,
        "z7": 0.868461706190042,
        "z22": 1.7407122380529978,
        "z11": 0.07254594194208318,
        "z13": 0.024081308125521735,
        "z15": 0.07254594194208318,
        "z17": 0.11
    },
    "全漢": {
        "logz1": 16.463711669780274,
        "logz4": 1.5024690377766885,
        "z5": 0.28446390862468923,
        "z7": 0.6356548349908763,
        "z22": 1.761806004209719,
        "z11": 0.10929479239745624,
        "z13": -0.004503208067727765,
        "z15": 0.10929479239745624,
        "z17": -0.1
    },
    "信邦": {
        "logz1": 16.646261460934753,
        "logz4": 1.2775613351434578,
        "z5": 0.25889529701109426,
        "z7": 1.0304890839984213,
        "z22": 1.6574424233398186,
        "z11": 0.25720218353497926,
        "z13": 0.12822524323645512,
        "z15": 0.25720218353497926,
        "z17": 1.93
    },
    "晶睿": {
        "logz1": 15.36915897798133,
        "logz4": 1.2391290907661205,
        "z5": 0.4571747330637832,
        "z7": 0.573640645377923,
        "z22": 2.438164900136289,
        "z11": 0.3353005243028292,
        "z13": 0.06642308958739647,
        "z15": 0.3353005243028292,
        "z17": 1.02
    },
    "揚明光": {
        "logz1": 15.59124548394012,
        "logz4": 1.068765949701998,
        "z5": 0.558336942551188,
        "z7": 0.7778704825852296,
        "z22": 1.3935495934976057,
        "z11": 0.1590459395899486,
        "z13": -0.1315025604896856,
        "z15": 0.1590459395899486,
        "z17": -0.75
    },
    "華擎": {
        "logz1": 16.17596296902184,
        "logz4": 1.6392080443614576,
        "z5": 0.045617304007055284,
        "z7": 0.7049639528829005,
        "z22": 2.3244565961113843,
        "z11": 0.1784267059738525,
        "z13": 0.06256838646727224,
        "z15": 0.1784267059738525,
        "z17": 1.55
    },
    "新至陞": {
        "logz1": 15.835772526991034,
        "logz4": 1.8490902079624285,
        "z5": 2.988938330106812,
        "z7": 0.9049228675881175,
        "z22": 3.3314220730216944,
        "z11": 0.18007641379928258,
        "z13": 0.08457036437350604,
        "z15": 0.18007641379928258,
        "z17": 0.62
    },
    "十銓": {
        "logz1": 15.12622971722903,
        "logz4": 0.6345440555105146,
        "z5": 0.7879998534959528,
        "z7": 1.8807710142631113,
        "z22": 1.844472382618963,
        "z11": 0.18260033111319843,
        "z13": 0.1233289999437586,
        "z15": 0.18260033111319843,
        "z17": 2.28
    },
    "亞弘電": {
        "logz1": 14.953726499275492,
        "logz4": 0.9065402106541253,
        "z5": 0.127152466367713,
        "z7": 0.4133529738330944,
        "z22": 3.128341670700877,
        "z11": 0.1684757028912721,
        "z13": 0.03748212453406572,
        "z15": 0.1684757028912721,
        "z17": 0.19
    },
    "宇瞻": {
        "logz1": 15.380998672731167,
        "logz4": 1.0735554706704393,
        "z5": 0.04192658313659961,
        "z7": 0.6209213250131859,
        "z22": 2.060689929389795,
        "z11": 0.21628300023417057,
        "z13": 0.10072083812704263,
        "z15": 0.21628300023417057,
        "z17": 1.53
    }
}