{
    "台苯": {
        "logz1": 16.045991730888556,
        "logz4": 0.31445720321790877,
        "z5": 0.05039651823233684,
        "z7": 0.2870393373595638,
        "z22": 1.7802354158582332,
        "z11": 0.23048177119969204,
        "z13": 0.062371761776449215,
        "z15": 0.23048177119969204,
        "z17": 1.08
    },
    "信錦": {
        "logz1": 16.120643402680884,
        "logz4": 1.5310195839450684,
        "z5": 0.4198386411065903,
        "z7": 0.7528246140354159,
        "z22": 2.020764375585808,
        "z11": 0.29302426477551474,
        "z13": 0.14096601830360417,
        "z15": 0.29302426477551474,
        "z17": 3.81
    },
    "川湖": {
        "logz1": 16.358199912793026,
        "logz4": 2.4203320536829116,
        "z5": 0.7710685844584987,
        "z7": 0.1859309846139237,
        "z22": 8.291870153852999,
        "z11": 0.09229436022312473,
        "z13": 0.04397951444769898,
        "z15": 0.09229436022312473,
        "z17": 0.45
    },
    "光寶科": {
        "logz1": 19.044652016632362,
        "logz4": 1.1553258898079768,
        "z5": 0.11031121709565024,
        "z7": 1.500388899510044,
        "z22": 1.342372719359741,
        "z11": 0.22638319047999383,
        "z13": 0.12729191365565543,
        "z15": 0.22638319047999383,
        "z17": 2.81
    },
    "台達電": {
        "logz1": 19.555423366492633,
        "logz4": 1.9039390435636965,
        "z5": 1.9617262203097827,
        "z7": 0.7839367120913386,
        "z22": 1.721273774539767,
        "z11": 0.14382412945076634,
        "z13": 0.03870157551089465,
        "z15": 0.14382412945076634,
        "z17": 0.82
    },
    "華邦電": {
        "logz1": 18.46761108448339,
        "logz4": 0.47278217429153735,
        "z5": 0.58874984478644,
        "z7": 0.6412389101950263,
        "z22": 2.1442353695602083,
        "z11": 0.2747644255413946,
        "z13": 0.08647779561725964,
        "z15": 0.2747644255413946,
        "z17": 1.64
    },
    "華碩": {
        "logz1": 19.679153412471447,
        "logz4": 3.205848899868666,
        "z5": 1.9116118618617608,
        "z7": 0.9205099677886227,
        "z22": 1.5544004096593533,
        "z11": 0.10549863906559008,
        "z13": 0.015844012169877252,
        "z15": 0.10549863906559008,
        "z17": 0.87
    },
    "群光": {
        "logz1": 18.08442808122304,
        "logz4": 1.468402344935555,
        "z5": 0.17801176995156553,
        "z7": 1.2400513111749734,
        "z22": 1.2337109858608972,
        "z11": -0.013480343857998598,
        "z13": -0.11631079440351401,
        "z15": -0.013480343857998598,
        "z17": -1.47
    },
    "研華": {
        "logz1": 17.670245049325096,
        "logz4": 1.5418410030346728,
        "z5": 0.3912224268642652,
        "z7": 0.4425289614334344,
        "z22": 2.3393218316247544,
        "z11": 0.17591657475919703,
        "z13": 0.08847682648707096,
        "z15": 0.17591657475919703,
        "z17": 8.45
    },
    "友通": {
        "logz1": 15.947302703632817,
        "logz4": 1.5070803429200912,
        "z5": 0.19564752997020635,
        "z7": 0.62849901922565,
        "z22": 1.9867156500728116,
        "z11": 0.3896849887067353,
        "z13": 0.17190762036708254,
        "z15": 0.3896849887067353,
        "z17": 10.51
    },
    "新巨": {
        "logz1": 15.586390900678728,
        "logz4": 0.7154971177408357,
        "z5": 0.870530178114848,
        "z7": 0.8821489979423288,
        "z22": 1.6103810355775876,
        "z11": 0.20190450825625877,
        "z13": 0.03934317950704566,
        "z15": 0.20190450825625877,
        "z17": 0.98
    },
    "建準": {
        "logz1": 16.060392170949733,
        "logz4": 0.5219104282000858,
        "z5": 0.2302983664349019,
        "z7": 1.2321573750147206,
        "z22": 1.427204140712204,
        "z11": 0.3784924756409483,
        "z13": 0.22941586606277473,
        "z15": 0.3784924756409483,
        "z17": 3.19
    },
    "美律": {
        "logz1": 17.065713329722424,
        "logz4": 1.829249454384658,
        "z5": 1.8370932062545167,
        "z7": 0.9845200852536221,
        "z22": 1.6838360528997645,
        "z11": 0.2477589405524961,
        "z13": 0.15796239292093936,
        "z15": 0.2477589405524961,
        "z17": 1.84
    },
    "創見": {
        "logz1": 16.869549003098893,
        "logz4": 1.5052411424958596,
        "z5": 0.06787116867632383,
        "z7": 0.09243860723802237,
        "z22": 10.263662451326237,
        "z11": 0.11275199443974689,
        "z13": 0.016624497187290588,
        "z15": 0.11275199443974689,
        "z17": 1.59
    },
    "飛宏": {
        "logz1": 16.070183581151166,
        "logz4": 0.3751961349856689,
        "z5": 0.4420507189468161,
        "z7": 0.9396809434342748,
        "z22": 1.9181119707044942,
        "z11": 0.23210977253234352,
        "z13": 0.08691398742981031,
        "z15": 0.23210977253234352,
        "z17": 4.71
    },
    "可成": {
        "logz1": 19.309042150026848,
        "logz4": 2.9594526654464843,
        "z5": 0.16287337691206452,
        "z7": 0.636157990335013,
        "z22": 2.0568507228677415,
        "z11": 0.14265586645377426,
        "z13": -0.003940211343963741,
        "z15": 0.14265586645377426,
        "z17": -0.11
    },
    "百容": {
        "logz1": 15.131864902768557,
        "logz4": 0.7858530662201344,
        "z5": 0.19437473557840076,
        "z7": 0.5366141745259311,
        "z22": 1.4414022988505748,
        "z11": 0.24360926658156798,
        "z13": 0.10318301484107746,
        "z15": 0.24360926658156798,
        "z17": 4.2
    },
    "普安": {
        "logz1": 15.472757582064562,
        "logz4": 0.427046575554496,
        "z5": 0.03243142096349968,
        "z7": 0.23851993046146028,
        "z22": 4.866232904169921,
        "z11": 0.3436004231739506,
        "z13": 0.2975547368469957,
        "z15": 0.3436004231739506,
        "z17": 13.72
    },
    "神基": {
        "logz1": 17.236758738739816,
        "logz4": 1.0507542764422946,
        "z5": 0.6163568507974756,
        "z7": 0.8357867393121946,
        "z22": 1.7948821837027018,
        "z11": 0.30130069349014094,
        "z13": 0.16257354794953466,
        "z15": 0.30130069349014094,
        "z17": 6.66
    },
    "大立光": {
        "logz1": 18.851304034305308,
        "logz4": 4.54568797242211,
        "z5": 0.20689547205088407,
        "z7": 0.21700164812528033,
        "z22": 4.111580643898303,
        "z11": 0.2834975889430863,
        "z13": 0.10935275634430568,
        "z15": 0.2834975889430863,
        "z17": 3.67
    },
    "今皓": {
        "logz1": 14.387843425685864,
        "logz4": -0.07163013485458422,
        "z5": 0.09341354445382863,
        "z7": 0.6891634700150103,
        "z22": 1.8140644549364142,
        "z11": 0.6901212359705344,
        "z13": 0.6021705520229744,
        "z15": 0.6901212359705344,
        "z17": 210.7
    },
    "晟銘電": {
        "logz1": 15.412258897244298,
        "logz4": 0.43114136904062983,
        "z5": 0.19904563169362016,
        "z7": 0.9688031261876439,
        "z22": 1.6396208730731427,
        "z11": 0.09370418957727929,
        "z13": -0.06338551385081256,
        "z15": 0.09370418957727929,
        "z17": -0.78
    },
    "奇鋐": {
        "logz1": 17.386696169319023,
        "logz4": 0.9714780497417269,
        "z5": 1.5959419218414646,
        "z7": 2.8096282265417174,
        "z22": 1.2585011225727847,
        "z11": 0.5254950326201735,
        "z13": 0.18543456728814622,
        "z15": 0.5254950326201735,
        "z17": 3.38
    },
    "威強電": {
        "logz1": 16.064149788990374,
        "logz4": 1.3416994546534322,
        "z5": 0.4639234744469225,
        "z7": 0.3969960887847484,
        "z22": 3.260731508287996,
        "z11": 0.11808853261627486,
        "z13": 0.04088823574574624,
        "z15": 0.11808853261627486,
        "z17": 2.71
    },
    "禾伸堂": {
        "logz1": 16.46486412748187,
        "logz4": 1.8077246863533039,
        "z5": 0.15569767353542105,
        "z7": 0.4685305363245281,
        "z22": 2.3756631277976985,